,Topic 1,Topic 2,Topic 3,Topic 4,Topic 5,Topic 6,Topic 7,Topic 8,Topic 9,Topic 10,Topic 11,Topic 12,Topic 13,Topic 14,Topic 15,Topic 16,Topic 17,Topic 18,Topic 19,Topic 20,job
0,0.36328110929512525,0.2481080640406809,-0.034879595826184245,0.03511788988173163,0.016856562028195524,0.013593005008642798,0.08108749432894129,0.021899147865794295,0.06655025911942263,-0.05899471901741067,0.07000511323719438,-0.06752045099584056,0.023176734249706288,0.04057364974372079,-0.06161201901123452,-0.07196084764393446,0.07975400116156826,0.12044595874024408,0.09645636099786183,0.009986009304870308,"ux,designer"
1,0.2818961364381509,0.2531664573980976,-0.06506262077422434,0.02375257300244798,0.011587639334401168,0.11587394354150218,-0.004380317196115351,-0.018530929637030808,0.0276065784591822,0.026838866020538824,0.054130282657809496,0.01940896936122346,-0.056590452247865464,0.005564541715407147,-0.007204842950310958,-0.07657937376586386,0.0864599623052456,-0.09885850378189087,0.07212181035591378,-0.08214973122812227,"ux,designer"
2,0.43994593293923956,0.18761538351353474,-0.15343085343828566,0.07551026053424457,-0.03231529168225681,-0.13869658109084246,-0.12932026611362282,-0.1356160463764256,0.08322469670372688,-0.15086015268627362,0.0055482664265989546,-0.04069299187897824,-0.049268006815864886,-0.006383410518957747,-0.0022175113642979136,0.04091196447761253,0.10353785100533201,0.0340978283175976,-0.08020801849949517,-0.023549562122030993,"ux,designer"
3,0.39077142097731105,0.39471705567966725,-0.3022569090387453,0.07876124031971854,0.03257056622550566,-0.15256326062873893,-0.002913308086938227,0.06927694951161796,-0.04477422404293143,0.016539122267641284,0.04211948302268626,-0.03130573389391445,0.016122363588235503,-0.09096658811015251,-0.06659456785917417,-0.061485919472498964,-0.057671393105592765,0.005841393273367614,0.07563270915691968,0.05189804153388874,"ux,designer"
4,0.3589004686974111,0.31553565677098366,-0.17111199071225708,0.13930271599570737,-0.023569983861647013,0.14991201916158153,0.017613500241419874,-0.11043803173298819,0.11443539961439483,0.22539748797267817,0.1352179413747578,0.6614764107002998,0.0016946012281357865,0.11041267338083553,-0.0674239819081595,0.0737407480350083,-0.025996355980642125,0.17645440848568383,-0.043470537099436976,0.027967426636396873,"ux,designer"
5,0.4090969993080844,0.4347832796804837,-0.24575127994982385,0.02163987989967634,0.010476185507609925,-0.06263845434349594,-0.017218496404318072,0.00988449359865235,-0.0755543339943304,0.04132394968519982,-0.11454345410024375,0.01162665459568536,-0.039803092193731876,-0.027367682881307687,-0.032740296949075695,0.06500472123944226,-0.0774335517196299,-0.10003183814932154,0.09148471074171988,-0.05829174303714827,"ux,designer"
6,0.33675788127927647,0.3650890200591179,-0.23902549946878474,0.004176773024389979,-0.0012747605563677839,-0.06204276083231503,-0.13289775724165986,-0.04223535280576266,-0.07398513919610201,0.015082601651343069,-0.07876928360873561,0.0071014495599506285,-0.09126665218137815,-0.059945813102829856,-0.025321233765329992,0.1665523325902449,0.035054459907692924,-0.08132273866571836,0.08311590107661684,-0.08940270200666006,"ux,designer"
7,0.39532017321527624,0.27166769303410065,-0.16439764941928306,0.05018080941285402,0.0038983539258947712,-0.005186752517405703,-0.004532981789185282,-0.02759536578145018,0.04494678129364551,-0.035893032940922845,0.08985788518886176,-0.07221436910818363,0.028694180094157702,-0.038043863513079715,-0.005130953458678265,-0.07999466426832628,-0.000564744495567708,-0.046416297418304886,-0.0757925767542042,-0.06787205274870982,"ux,designer"
8,0.27154589906128107,0.31578207060791397,-0.19564277927794163,0.037139612083493284,0.02495195518757403,-0.021092124371302926,-0.014711046741674654,0.016849113164815695,0.01786161657233585,-0.020110194011360084,0.01633450930707156,-0.09216409187183769,-0.015393181871991114,-0.09149587884421981,-0.0029098984954357013,-0.013643665660689728,0.09353508527124815,-0.05872854285262717,0.011294970624526047,0.005564161917066968,"ux,designer"
9,0.29384928358533113,0.17656845344957262,-0.017471718249701586,0.01308313721911788,0.022866757874505324,0.04905331051386928,-0.09605037711600747,-0.12590101528203465,0.061795562313821294,-0.1576090644041776,0.12269552800639727,-0.15917255108705955,-0.05819400781489957,-0.003913277229080247,0.01849276677665034,-0.012584398125457908,0.09242671082687794,0.03137258837993853,0.02042100176731916,0.0513866957803318,"ux,designer"
10,0.12582191202904844,0.09998852352797984,-0.02874718502660982,0.0004369256395818247,0.012685719405876303,0.09260827519175048,-0.06797393585881263,-0.06647193446342535,0.02977806424925476,0.03392418318317236,0.0852578516304564,0.037434186045649125,-0.022868119224540597,0.02854527283515997,0.09428552146587388,-0.022384246381874248,0.0792013806353286,-0.10512387391928131,0.1178192152092219,0.03354403861750833,"ux,designer"
11,0.40040667157154136,0.3020234717918394,-0.10283309008699687,0.01781379358129115,-0.01431425699242477,0.04344777650891902,-0.0713575028603065,0.11918487616758387,-0.15939882274612435,0.20561045039914674,-0.2593544415313659,-0.2126558535488938,0.0021554129699356845,0.4900966501436112,0.23071059724477774,-0.016574171894854106,-0.02825809198551305,0.13393664548993772,-0.1646904105325316,0.06298338400036387,"ux,designer"
12,0.35737851564253814,0.33355905028465715,-0.24581573857075273,0.05755810183475219,0.007999050771692261,-0.06845246105524158,0.001015256789110253,-0.0267820731465013,-0.0004931772650310215,-0.06182166315698818,0.02047574208083679,0.017970874750712452,0.04126181924699874,-0.06522249047154188,-0.06772932429675493,-0.02583847214885942,-0.021906081947954743,0.04555297572533992,-0.02249898899510641,-0.0038277558944687477,"ux,designer"
13,0.3720940786561938,0.3981573260653578,-0.19221290263027513,0.02707974996365124,0.04508153265671387,-0.08079519614652353,-0.05021433628948413,0.00469165068823278,0.016131499498687613,-0.04916623972305939,0.0348157475494317,-0.02103668493220385,-0.04663040227217874,-0.09821649661492021,0.029436155775711872,0.033084215570628774,0.10929759559169579,0.02287192681496247,-0.00782974016908135,-0.1564421985897295,"ux,designer"
14,0.3937836079658002,0.23691118848192927,-0.11082800766099661,0.022589887371285047,-0.03173267443242724,0.059654793035650466,-0.09827916925254643,0.09460714884638279,-0.1832966655606269,0.21893284445432595,-0.28094470876843947,-0.19452630238684834,-0.003894594557164405,0.5002197565389394,0.25058694472832577,-0.003448956405808877,-0.021919596633912138,0.16087949205235985,-0.17096975216578547,0.05439617337332966,"ux,designer"
15,0.4660509695085062,0.45933706053015827,-0.3038788419076291,0.008975239735841196,0.01079402985790476,-0.11279926417851585,-0.0018658292072495652,0.02000176556802431,-0.060647965094494764,0.003920005957303212,-0.051087383885743944,0.022953283320415806,-0.0015181889243151925,-0.10268723451754609,0.00306312313376819,0.044917818477525205,-0.07228231548864088,-0.019075668341493348,0.01873928749561585,-0.0779482649409108,"ux,designer"
16,0.39036959033441815,0.45233349805536577,-0.2842531183271602,0.010203050911450632,-0.0565510632681325,-0.14449713550321058,-0.0010373029860484765,-0.010342674947363371,-0.006918956730599563,-0.059875117932083576,0.0037713417900494617,-0.01998828238111307,0.10998595995969372,-0.09759510510513017,-0.02139317918080247,-0.03675564036273384,-0.04034219215829148,-0.01792350051462209,-0.0859693992990532,0.04476366690136027,"ux,designer"
17,0.40758124020967584,0.4236335514601042,-0.217110283682953,0.028857307958962027,-0.007337477639435883,0.018387372742085194,-0.03322875521329555,0.030545756202993598,-0.0486679964544345,0.03145183828176545,-0.13592259738389673,-0.032248137191716125,-0.016397970469346504,0.024042137643207902,0.002749765650265046,0.0803191906662037,-0.10055049583494563,-0.07320266287004017,0.1080644802828718,-0.09202852715325303,"ux,designer"
18,0.42866994655277935,0.4013568376158749,-0.190267265262673,-0.026933833226074275,-0.06881607452999713,-0.09188706206003072,-0.03454426770845503,0.08352733124750522,-0.04960719988501314,0.04313824836644571,-0.0068228753584983785,-0.017857186845075024,0.017761236652342905,-0.07283140220107193,0.05408939042649447,0.08378314584738855,-0.045239071087427744,-0.04930563967656436,0.07135287653161485,-0.0214072542748929,"ux,designer"
19,0.3130321195242198,0.28654034439304615,-0.19331251867665428,0.052625941794973034,0.018228936303003453,-0.09718427590596654,0.039928514536242556,-0.03969899111013137,-0.004352058814308066,0.023427213145079236,0.03746805541849117,-0.05886840880307967,0.05066645397850891,-0.0020760189879917733,0.09601645198677353,-0.04656618175296174,-0.04133222439131756,-0.09606353125811143,-0.04251608753290661,0.034233634971437846,"ux,designer"
20,0.28020585051275243,0.15970640729925734,-0.1805396555488264,0.0625871471394073,-0.013376526729721137,-0.07418047944088807,-0.06307313384384296,-0.09513351479292267,0.03969167104178575,0.0008635749015002305,0.02191975768395179,-0.08349204027353252,0.03926875217403377,0.06299390511832394,0.03682605140200288,-0.05018369895019863,-0.04251522840636785,0.04542909546563898,0.014778721523174316,-0.007895780540801901,"ux,designer"
21,0.3623261317712525,0.3342207754284357,-0.2006002577966099,0.11562514819702256,0.02002250038988863,0.013668654544673529,-0.04955094074742527,-0.05865565352280341,-0.003340887817974292,-0.08827964296707422,0.07988157302738083,-0.12242702560660589,-0.012587588409200035,-0.10218359469160282,-0.08013089726670246,-0.09994111007143136,0.09792613123790089,0.08160549004208591,-0.025405039948445497,-0.036679411183223126,"ux,designer"
22,0.3701677868162368,0.3451605572800705,-0.1574593652038205,0.0380576758033148,0.005793245133457306,-0.09711027408167981,-0.01768307247977472,0.002948356213737854,-0.013810917350842307,-0.032331970603335695,0.023578557150097157,-0.08552454269715065,0.08516826545509923,-0.09271267276916387,-0.033598509741906896,-0.12578939823685573,0.027206423371897496,-0.03741625603487493,-0.03551322212531328,0.1394753730752737,"ux,designer"
23,0.35877046370378873,0.2929429655826386,-0.1445357526180735,0.1277678681289128,-0.009388913961920925,0.1703227093039001,0.025903195804846575,-0.10693097712236102,0.11664176475580224,0.21529031623994796,0.15156083822172134,0.6737917639238026,0.005725531771155719,0.12044844242405353,-0.07520401701590936,0.07569778309296395,-0.019753644135950283,0.17410836500639135,-0.057504215458225545,0.03565839550393537,"ux,designer"
24,0.4155936090061788,0.3050730442885483,-0.25731937132567545,-0.039955593666999405,-0.020753520508977587,-0.09321691638206145,0.056141197041414674,0.0724483585640355,-0.051836018333799895,-0.01167258153361351,-0.0047064356075269,-0.02253284353292005,0.03392248529782533,-0.09563586795919561,0.004254898597911117,0.10372569175559361,0.03621511513492485,-0.08253704830710483,0.04329254000189196,0.1616160004863053,"ux,designer"
25,0.45536641983093235,0.43965667971669653,-0.2702872525135703,0.06630568478215447,0.035448419580498665,-0.08674985321317982,0.015206492342681288,0.008760347873175605,-0.046292537352452326,-0.017136468228979726,-0.025451669759680086,-0.02234322470779427,0.04942260708406951,-0.04781435855012318,-0.022045276090832327,-0.020202619801121074,0.02495961972640494,0.03353611043550196,-0.017447444710982456,0.008991248647980966,"ux,designer"
26,0.2951971217281534,0.015563973311433917,0.10934937486974734,-0.1845601957632589,-0.1718408638344628,-0.034131485941843884,-0.14744284468932278,0.06829454338390598,-0.10883096423632632,0.041135799468552094,-0.026728470989038505,0.05133790873637807,-0.018718427920702656,0.020260387768702447,-0.034470296070352666,0.06740713747828171,0.06691534753582601,-0.1424502860750548,0.008198405987637991,-0.04069605522891945,"data,analyst"
27,0.3216707389031907,0.059125912421419756,0.28676473648946027,-0.1320506928686293,-0.045992572236628004,-0.019140147430522857,-0.1041445302983995,0.04953502982616654,-0.04885968154072016,0.14436472786339657,0.02312636137081529,0.034640960869035384,-0.07618590161716997,-0.043099682582453044,-0.0580632841903114,0.022310151807134148,-0.0012411211023971903,-0.03449923747485573,-0.03553751270209034,-0.03970503942682454,"data,analyst"
28,0.36749842945131883,-0.0470938730223947,0.10190092271624403,-0.22487131142518127,-0.23475003517065726,-0.27399741225514657,0.16794942912012764,-0.03452569481979092,-0.01104248626913935,-0.10161597643759922,-0.04910142674501848,0.14559413195777915,0.1317417138930263,0.0720641426275685,0.09032907238566135,0.017147968464610593,0.29334465943990073,-0.05503243779849308,0.11017753389590854,0.04190253522590168,"data,analyst"
29,0.4524598441173232,-0.05576608426870436,0.18784939036120804,-0.07002803721247461,-0.25009043230704747,-0.08799522835634944,-0.10668408491993961,0.025347534993480116,-0.019864869026269612,-0.005432344155770679,0.0681490789356651,0.049105578371353716,-0.007256386522258428,0.04087044085251526,-0.1054002292773595,0.02415724698447181,0.019926418188896993,-0.09088764134218948,-0.05008111666554583,-0.06292186480014116,"data,analyst"
30,0.3832681922680024,0.07345656747305773,0.2260718906330314,-0.2172105747873979,-0.16577160820550874,0.02101565767944166,-0.16698440765235367,-0.00597216811795351,0.016941046621340734,0.05615064687343878,-0.08554087539549492,0.03708577966932277,-0.03321761055556454,0.06501609146885659,-0.005246220599663151,0.06353161864166196,-0.0024075985510424868,-0.04599495059579781,0.0859119570199746,-0.023217584694059542,"data,analyst"
31,0.27395859321815047,0.09461741015554492,0.1413401403236868,-0.09172904470127194,-0.3137310175829082,-0.2044565855415285,0.6220055456548492,-0.32268794976357545,0.05018621525251172,0.25645872588024465,0.13332939971853192,-0.19051418971670023,-0.23868358766715023,0.048833304749795435,-0.09895029926055449,0.0634460581914452,-0.10949472816837623,0.015701815148074623,-0.10519875562522737,-0.0733795529435512,"data,analyst"
32,0.4012536226359773,0.10873363286001561,0.16424351504580284,-0.1996520603667979,-0.11596890027372533,0.1430634861672191,-0.12097177521373452,-0.04751211107472071,-0.049394603287018245,0.07874213945531827,-0.13547496719366386,-0.002811408207181634,-0.11905161293671368,-0.18899335849833152,-0.09366038346849441,-0.10450797757052532,-0.23005875481265936,-0.10568536721531062,0.04372623562334826,0.0877157002856163,"data,analyst"
33,0.31166618733694923,0.08461001205141264,0.16938148437143596,-0.1419605629447449,-0.14002527610729876,0.06967406753764203,-0.16570271630599792,0.009091749657162602,-0.04684978111612624,0.093572021206932,-0.09025833410189618,0.03060966653998198,0.034444015905173306,0.030346717185070794,0.03267957610023106,-0.018751086125597376,0.033828338512390935,-0.04316212340530923,-0.005226016601595263,-0.17539749672158148,"data,analyst"
34,0.2664561802932793,-0.04664341013266795,0.09295511386244952,-0.19915974532717276,-0.16109331952176734,-0.20763217136352138,-0.04456358643050649,0.11954239895729585,0.017310970815390403,0.0005416755093718821,0.0965040404860246,-0.0054437279432705266,0.30512782932137567,0.024779083404606012,-0.011086657227260417,0.24732341966363033,-0.11098187415733621,0.02445546901818738,-0.0747923891781864,0.2935221429983442,"data,analyst"
35,0.2692331359097275,0.09798824400955464,0.21661520788323482,-0.11872539234297717,-0.10386115197181793,0.15340653056575904,-0.07797984057895277,-0.00980858747131497,0.03038479586049963,0.040075949793753805,-0.018440690189498836,-0.029559600959683706,0.023437458033837708,0.010375237493449953,0.019339215287473933,-0.10939786257991446,-0.01266481587750488,-0.13844961029806982,0.06895781792076205,-0.11061345580652444,"data,analyst"
36,0.2963552215910268,-0.0007895678279621086,0.1474044944081958,-0.06199961805105883,-0.15006844911181091,0.060943852542297526,-0.07912602402639515,0.05771636825861317,-0.061594810580582394,0.06508353290625653,-0.004126887926048461,0.005590992255661209,0.07231430764376878,0.06766110715413858,0.07867724662863924,-0.1969890733626655,0.1400845403067881,0.18483719066858997,-0.1696901240213049,-0.15308899191212796,"data,analyst"
37,0.30499214824011134,0.013856298008797348,0.22561474992748717,-0.22362174193823367,-0.204298358895511,-0.07433898283659306,-0.09076584685495508,0.0035053611636496947,-0.0592386831244072,-0.0809591438873669,0.0029819068461787437,0.03142562973814566,0.09093981667767283,-0.1406505929598213,-0.0767110970199932,-0.15624058606552663,-0.06975869825440943,0.12146238852803788,-0.05723804623142965,0.20891951375367537,"data,analyst"
38,0.2723639312768423,0.09420932168476664,0.14089329478302332,-0.09149585006721325,-0.31325564381577037,-0.2043276626636421,0.621997943140294,-0.32281492040163007,0.050240137354225146,0.25678740941407135,0.13355916853695446,-0.1909252116839191,-0.23918683710660452,0.04895873436636435,-0.09923183919497057,0.0636510781146036,-0.10990056660311821,0.01580938005104401,-0.10568714402323794,-0.07369300320087371,"data,analyst"
39,0.3947740437505979,0.0468715729677031,0.1601791376868679,-0.24193729801948807,-0.17215948808925136,-0.14460263362892514,-0.030414822752435483,0.05595069135953184,-0.09750645954794007,-0.06791885929901961,-0.09780737953831357,0.059072769828580375,0.0565599728960867,-0.006930951109584368,-0.016869376722006075,-0.01773908318710993,0.02414855935306088,0.145474516216278,-0.020178111685682926,-0.11034933164625364,"data,analyst"
40,0.30477684079700934,0.061126156479507136,0.1996182024375024,-0.06844892730610247,0.07112941268632166,-0.007681871231917557,-0.09816771187617641,-0.01855068613714688,0.11758410459526825,-0.012987030038222158,0.4372040407347528,-0.042952662638887404,0.054434586147325,-0.03385844445079362,0.5415658116225676,-0.029676050739048526,-0.21522517652078985,0.04065792462483946,0.05857811174731206,-0.11465624529639738,"data,analyst"
41,0.37246058220226747,0.01888229874475659,0.34895646454927054,-0.14896280117824925,0.13879622481336176,-0.181073380213626,-0.21904920728662988,-0.08610378899732281,-0.07324992683187988,0.06551330063423418,-0.11235201931906032,-0.013514792521323494,-0.09333625987446462,-0.062233086044658305,-0.058776614851860025,0.06620275620400097,0.06490322657858412,-0.0023918028737621223,0.08012996804302595,-0.07369740775421624,"data,analyst"
42,0.36517201085458884,0.13589580465268677,0.2670650875379605,-0.23236722295627413,-0.1947616986444694,0.002187466711153258,-0.07402169422427689,0.006324155875049328,-0.029468824120045152,0.018742829408627357,-0.10426874677484392,0.017098694852498673,0.03941026727157119,-0.07968760131143655,-0.07326111899498886,-0.028134574318539586,-0.09237744391835011,-0.056803118553724975,-0.07377130847339042,0.07228515707106178,"data,analyst"
43,0.411471181027856,0.10578431929483494,0.32265906012987183,-0.241954058781589,-0.23609673499089814,0.006678976989150637,-0.11865917203886585,0.014771432931884512,0.020966731320338577,0.06897315206199167,-0.025652464078487022,0.04090572572572146,0.023798507576860382,-0.050022094878589544,-0.024696519714280538,0.017758105540983758,0.02502516054213352,-0.0572390284839004,0.026189243004289996,0.010854542611404502,"data,analyst"
44,0.44462224692719315,-0.07432892387294104,0.06034487715229075,-0.12380204594673018,-0.19441369042976972,-0.24685604625431795,-0.050790858444220155,-0.04903031238854177,-0.05181734496831535,-0.18563046803322555,-0.1251189753072001,0.09490322393991313,0.08581602926145465,0.06759378361488673,-0.03803982947284788,-0.09035549341318165,0.04795287592583631,0.11410898990739529,-0.018083162550034632,-0.055330543604577294,"data,analyst"
45,0.35742895193529106,-0.08471327628413813,0.05257933339712444,-0.19479825885132238,-0.12462280739298269,-0.163666969567736,-0.09322605690506022,0.19190650851805902,-0.012107386445505424,-0.018701116112900647,0.16330563185005,-0.011345632713802305,0.19847416622902322,-0.07142436992918373,-0.03172176359706433,0.18243208440806863,-0.06884003873061648,0.08204645176557909,-0.034703334978123355,0.2523807916778378,"data,analyst"
46,0.3537875605755919,0.06892856275425417,0.3145966347434088,-0.19337001526660313,-0.21291336206776873,0.05983955183612675,-0.15975297205351277,0.026731917318346565,-0.06259423180694847,0.12566255712183894,-0.06673059034659984,0.021205082197332942,-0.039135961383670564,-0.06137124485783059,-0.051135476019539466,-0.0302572867240374,0.08233087372117898,0.007994119372044755,-0.06595086176792288,-0.14305983674274145,"data,analyst"
47,0.3212700496545776,0.08169050716680912,0.18036144836833004,-0.13281377909219771,-0.045835432236002616,-0.011643695237356162,-0.12653433057115396,-0.0355450036190246,0.10306894704536845,0.004849786777507573,0.44744796109013646,-0.02187087799535007,0.04615502635620335,-0.06398753531942598,0.5189608919863132,0.028229337390911307,-0.2016398895484412,0.06381862636931344,0.0554631412232316,-0.06632192158699461,"data,analyst"
48,0.142338454717688,0.02185627772165175,0.12403211385150263,-0.13012342987799114,-0.14107605532423093,-0.10613997325196745,-0.06254961200375064,-0.037124980749221693,0.018914763193382658,0.04442450279370735,0.06766337629027312,0.02899691041053675,0.037078956955700036,-0.022478005685685254,-0.09733830306605364,0.017429081930325573,-0.10509354238130504,0.05357457993958302,0.003037476450765533,-0.10109875093340516,"data,analyst"
49,0.2573187551210254,0.02260778584322922,0.15480574189582383,-0.17252764660120065,-0.18814590609253912,-0.1732875870984156,-0.08730010524342437,-0.15043439435200998,-0.025663646480617676,-0.10097191747639409,-0.07468110803099473,0.05134285397108832,0.03330120467796128,-0.08404464862581794,-0.04545968298614874,-0.13561696437032236,0.052826851733858086,0.30869442659470814,0.04360126274588406,0.06367514580643659,"data,analyst"
50,0.20715046462376108,-0.14086362397723004,-0.14460527964832232,-0.12816059784617068,0.015448512789364812,0.1107420882112837,-0.040307738474463096,-0.0961963711157604,0.01646697355590973,0.03868381842370073,-0.08474210233202137,0.035438370272512044,-0.141443956667334,-0.04655920263809712,0.05464677839507381,0.10764338718559255,-0.09950944724916932,-0.12600930516719397,0.08826420591624318,0.03746373684924041,"project,manager"
51,0.4311720151358682,-0.28714168945932717,-0.20056562466887728,-0.21634867820210177,0.07573846666885263,0.06284503457999528,-0.018235123479312044,-0.05113329496864349,-0.030115715732147285,-0.02889387239973152,-0.12967477056826593,0.057229594822719186,-0.16840516072632417,0.013087014260674363,0.004346852964671843,0.004278967231442978,-0.08075604115507776,-0.060827474996789095,-0.0009249887508165136,0.02289197745647239,"project,manager"
52,0.3319691259329652,-0.12916193284221852,-0.05703183289581251,-0.2077517784191277,-0.04199325008328766,-0.17450826697901306,0.33601500225377184,0.08308299513078543,-0.011388906557197506,-0.08157808965766408,-0.011960750355880434,0.11117503714800618,0.09896481660261343,0.06624772051543837,0.16300406264257206,0.03410341479872248,0.3363393228589288,-0.1315176032627473,0.1573761170256199,0.11609021231753593,"project,manager"
53,0.46160099371920005,-0.21319771387832032,-0.11183531765369874,-0.17013146439764454,0.009890027764205387,-0.08600397449203105,0.30217700508516154,0.11117591005677148,0.07519455403482712,-0.12178051453521388,-0.01976250264268536,0.07977799497129688,0.07861998120572118,0.021860741119788283,0.15111925154852418,0.013727199558620553,0.23226646875097526,-0.05928726076713986,0.030989139993358422,-0.007319511411277596,"project,manager"
54,0.27858255707983565,-0.21341779470102282,-0.12543569437325192,-0.12011059398603098,0.0005543502403305519,0.0055874389911127935,-0.027463867533281942,-0.13599752919634464,0.01364565511779021,-0.12058062751842406,-0.07200415122095542,0.04118207065325835,-0.05948131483760127,0.02490424724582938,0.004530875654589908,-0.0035646305156777623,-0.26605795175873587,0.1338982929795784,0.0740172577192417,0.04714515443558513,"project,manager"
55,0.3052135681840538,-0.31832998577771926,-0.21948630538539904,-0.06564160504088251,0.042506899056665604,-0.11836409621608938,-0.1258209762019943,0.005922844032156251,0.6462996969936404,0.38492919319899604,-0.15025278434154668,-0.14165974313492558,0.2548823991040754,-0.027927178942088248,-0.05536979547271641,-0.05390780233429754,0.022048788158213626,-0.01353958232588215,0.03077813143975523,-0.018744746805506054,"project,manager"
56,0.3052135681840538,-0.31832998577771926,-0.21948630538539904,-0.06564160504088251,0.042506899056665604,-0.11836409621608938,-0.1258209762019943,0.005922844032156251,0.6462996969936404,0.38492919319899604,-0.15025278434154668,-0.14165974313492558,0.2548823991040754,-0.027927178942088248,-0.05536979547271641,-0.05390780233429754,0.022048788158213626,-0.01353958232588215,0.03077813143975523,-0.018744746805506054,"project,manager"
57,0.32778366780824386,-0.258959783320239,-0.20764916641989123,-0.24259129571785779,0.11876356922087275,0.05910718463989106,0.17094651668440716,0.1360895296856118,-0.05302584488243882,-0.01109103230906847,-0.05456962685475974,0.07465360498752018,-0.043014673274426186,-0.11495313281442719,0.13188664385596036,-0.07252217687748151,0.04075319567064818,0.04986608538088508,-0.11625989770180326,0.0017911408243938582,"project,manager"
58,0.35750576496189446,-0.2927456099914882,-0.1845904449683574,-0.05758281138256013,-0.041213443888873776,-0.009950853733967889,-0.12724229442736945,-0.24630359063281365,0.08929174036423085,-0.15099422340759142,-0.004623547189041951,-0.027965370762627277,-0.1698153968755185,0.05524746658532599,-0.02484099427292804,-0.004720266453948938,-0.07778085530150237,-0.020348494041813072,-0.04087145357750995,0.07253879628398406,"project,manager"
59,0.3711780481206395,-0.2886798885566885,-0.2748383806878447,-0.14745412937770244,0.018324179527026856,0.06240441241506537,0.03893023491964875,0.2359050260886934,-0.05494009168285248,0.12965565202550786,0.06490998571807642,-0.01651379335191332,-0.08536350293471201,-0.10491849867489535,-0.006949334618367274,-0.03593363108498996,-0.01117682411303372,0.0678203830315979,-0.025993557938552524,-0.0007641071822888856,"project,manager"
60,0.49994671507810484,-0.33683904528540853,-0.22531000858843184,-0.1454851311410226,0.01349751241847623,-0.021460933516510836,0.012481563815607397,0.09591629044926693,0.03301226678811372,-0.015278832823380658,0.03505367125063269,0.0037503080186670128,-0.14757279221293224,-0.030968867237076696,0.0011243124033478427,-0.02535368941961962,0.05656532893424979,0.06415699552536931,-0.0208790982273972,-0.002760952396567021,"project,manager"
61,0.2853778758443863,-0.1888591394193373,-0.14629711098091824,-0.07739078250972246,0.0001494113124600336,0.018556058156289624,-0.12876651828826588,-0.15771204736355862,0.09590039668382855,-0.03471729876331518,0.02845040104684748,-0.038287652735964885,-0.2414991822011336,-0.02608201736563773,0.025305231188493243,0.0540945745857841,0.18139768798225625,0.04068764132667007,0.009997378068903159,0.10943449847950293,"project,manager"
62,0.33844759774484895,-0.2574232164681562,-0.20543624378206815,-0.24502734885871327,0.050862316860142046,0.12733671810579708,-0.031248124340237333,0.03305889838212332,-0.04233094907933568,0.061733759480536034,-0.05646484738184012,0.01869768628330297,-0.18497149522109413,-0.0516851920414494,0.03388671070060792,0.030344466442695155,-0.08189619017360239,-0.06628481173901711,0.01952207636730072,0.028083769752586963,"project,manager"
63,0.44239728215136104,-0.2791922163290228,-0.22193026711612956,-0.20942859499536612,0.045738708072140324,0.0977398530571482,-0.039908550439366475,-0.09379154411901836,-0.026103203460111944,-0.03555213708356068,-0.10077739289838987,0.016702787210638028,-0.12343242228040037,9.23283725581656e-05,0.09594073104095041,0.062389040171134495,-0.06091006480523561,-0.011072197844798482,0.039917619079375924,-0.001799694418030385,"project,manager"
64,0.4212468890757302,-0.17766863117239068,0.001417790242278609,-0.05882155581482515,0.08940946609297212,-0.11068526680596497,0.09307148955313818,-0.0027880036279429865,0.07044103340373423,-0.17615386878300487,-0.06265911730058185,0.0948765934121786,0.1168810964096111,0.020597408882066747,-0.01951615992759502,-0.029822971677898918,0.0006725814770560577,-0.07204015942294395,-0.0968328402386936,-0.1407339814780763,"project,manager"
65,0.45658956937974177,-0.32367983175605103,-0.28839804513428297,-0.27776162358064815,0.11320096827111749,0.10108870087330289,0.017764988612612016,-0.07371261768786716,-0.056323645969666866,-0.012132436590439295,-0.07372857172604833,0.023316220947066757,-0.1342359975216416,-0.05274139636227912,0.004109591985835687,-0.06719034863768708,-0.062404259475774694,0.023558837112177915,0.0028180409725825904,0.029578331335001908,"project,manager"
66,0.28130717772209535,-0.19002359076201797,-0.13364704792649854,-0.040311819028737865,0.0009727927529259505,0.021855114318112785,-0.1340775053581592,-0.20918306516291604,0.1058742658850442,-0.05288304651604745,0.02381976799125065,-0.11407481127178189,-0.12142702530412973,0.06325358152552826,-0.08172539108792752,-0.0070858758649812465,-0.031390439382845074,0.06773299796121386,0.07077232502422744,0.1240576114326191,"project,manager"
67,0.3452721604625379,-0.24565022221002253,-0.2305229892933455,-0.27079083047626173,0.09829315377759326,0.09019393978371643,0.05591233279323023,0.09789982639369475,-0.008570460959584376,0.06097190923263597,-0.01661373511648012,0.01711583813656906,0.001763247366366423,-0.09165327151045811,0.028287614951118676,-0.044042914150939104,-0.024595032395142193,0.04435757268789427,-0.07668254962153047,-0.04380389520548892,"project,manager"
68,0.4751701178871622,-0.20929770920376298,-0.10723724851819831,-0.20442903043208063,0.10478608152590572,0.0061646300039511145,0.17869310065436103,0.19925087340356468,-0.08735922018061805,-0.05332806065259998,-0.023733232061037272,0.04984138036829256,0.04244728574365114,-0.009247541370837135,0.08607337897646966,-0.030023324556717502,0.06120624110032347,0.042612268796895815,-0.13104627518606385,-0.053899002358553896,"project,manager"
69,0.2525360826553701,-0.1606399071554072,-0.0646587077956806,-0.09692116152214399,0.09961089282420657,-0.014360222703919024,0.009852767659599032,0.05171591003428878,-0.07278697077310174,-0.07744341416386624,-0.011040877199535774,0.051903336121804915,-0.04880432046060558,0.009748807664780736,0.030590914391188218,-0.08605744281780517,-0.13314447353827802,-0.05596923237126587,-0.07501151024367197,-0.04445040323837092,"project,manager"
70,0.48706828968282007,0.04516396928355556,0.1874126431199755,-0.033507661258523766,0.32285553334905936,0.05949670080990776,-0.01211501321645463,0.024456982464157395,0.041909969563676056,0.17514343220711398,0.0627054775142439,-0.010900331267561991,-0.06866977349423235,0.03000078452911419,-0.021058420124077697,0.03971823863722415,0.11941366764208936,-0.09696615766289056,-0.05444607293083999,0.018876385047869905,"project,manager"
71,0.2654154434404069,-0.1093946697309298,-0.07559391557686672,-0.0014758722076318764,-0.004368587742612447,0.07132960707244812,-0.06020687347860553,-0.1036623418508628,0.04949210717305857,0.0022094567346685437,0.0349850457716355,0.07232172401968626,-0.04516032925987664,-0.032539561170872325,-0.04786103668435081,-0.04338213099028254,-0.035187648136068395,0.01630740981833102,-0.028816952642054687,0.03670140060936972,"project,manager"
72,0.3294184823775322,-0.23233835016450222,-0.19521689925997648,-0.21880155353085606,0.13371297345034253,0.31425765918497073,-0.013432309922673942,-0.3483996905212035,-0.3667497358326566,0.1302673815718413,0.23617905567486688,-0.153227217342923,0.4342427003637729,0.06468610041457692,-0.19737705841589614,0.06463886548237076,0.07293466485811334,-0.008349166949737374,0.05641638806516416,-0.07986335191392642,"project,manager"
73,0.3294184823775322,-0.23233835016450222,-0.19521689925997648,-0.21880155353085606,0.13371297345034253,0.31425765918497073,-0.013432309922673942,-0.3483996905212035,-0.3667497358326566,0.1302673815718413,0.23617905567486688,-0.153227217342923,0.4342427003637729,0.06468610041457692,-0.19737705841589614,0.06463886548237076,0.07293466485811334,-0.008349166949737374,0.05641638806516416,-0.07986335191392642,"project,manager"
74,0.35901584403573994,-0.24889312508795847,-0.12663665595597215,-0.01587748110303489,-0.012343165066313989,0.012416693225170219,-0.05828886268966943,-0.045598168339881694,-0.07734503080314595,-0.08147673993789056,0.08531072026963857,0.05937280541593207,-0.05574351517309721,0.10144909535716677,-0.02093383290233702,0.022856275629599545,-0.13661517809749713,-0.0242456520397239,-0.024382458753929675,-0.005855656962020716,"project,manager"
75,0.4131723646502183,-0.3212695739313092,-0.24877651797236072,-0.278750080743994,0.10822545747272673,0.0775835942337625,0.08206729907415138,0.09851780771240944,-0.08173942243437349,0.05400441368802347,-0.03465212788494718,0.03456595564257219,-0.10977921554765749,-0.09164846159212792,0.06270288556994508,-0.021195007524881078,-0.015561239972682307,0.06196719764378431,-0.04057487853581491,0.006134944535359654,"project,manager"
76,0.40148240564533044,-0.19856015554061401,-0.1388649768967433,-0.15198181678434147,0.0509566770343189,0.0983046937666653,0.1395371590283902,0.20057180062471866,-0.0441913714209292,0.028691473443725374,0.08079423038179447,0.02201170783079148,-0.05285614362421123,-0.0842206436303694,0.05684047489870172,0.043301234063705694,0.0713467320582938,0.0313530687242958,-0.021293591744466805,-0.009547606242970604,"project,manager"
77,0.3618500582289797,-0.1402452958907114,0.011889797578357881,0.1857801483978256,0.03238069410253614,0.053629266811486984,0.07647951412068835,-0.09352635203009423,0.017670131328331465,-0.17051369938620814,-0.07115195561843772,0.012269135135541485,0.17644887824110808,-0.008964371415391326,0.03145846370761942,-0.19538642122157188,-0.0646084643567719,-0.08544824360700877,-0.07860041426875587,-0.1882742916021864,"product,manager"
78,0.32446794766006587,0.11764803142233576,0.18824309353540228,0.02736534500785783,0.02980487086312102,0.10162976225608716,0.04311853039230227,0.02722725860098632,-0.037599675399329804,-0.0041340734550809645,-0.09293973191464273,-0.013706753470582133,-0.016628434405515136,-0.02329060333704794,-0.06506390930755913,-0.05350490411199445,-0.013892965170584977,-0.1694058926046584,0.031119501938125557,0.2555438794360701,"product,manager"
79,0.4471994174352952,-0.06651668597389351,0.07468704699485086,0.11878311829621867,0.07629222325926964,0.012017534305575922,0.14401149889991305,-0.1269438974224119,0.11470517886667439,-0.2574927347233852,-0.061820897665988375,-0.02041048655700299,0.07886190601062525,0.03903888348106911,-0.022098207126409548,-0.13182642551288273,-0.11300786974298764,0.05310530583404179,-0.047295200655294536,-0.021076441355026482,"product,manager"
80,0.3787215494291478,-0.16985127765330724,0.03710542921152065,0.18706058368470083,-0.05381670186040414,0.002423947350959257,0.06061642044832833,-0.12140932027902503,0.120050884950128,-0.1451761306413915,-0.09176664917840502,0.042429941939340944,0.14692879779221305,0.03652424800255077,0.04232719507420352,-0.03757394194757472,0.04733581485036785,-0.08320795441180157,-0.04458302037538265,-0.12640637494337384,"product,manager"
81,0.3554236076909916,0.0789309135712265,0.08033320817515027,-0.007670259123495959,-0.02650610069841646,0.08702501992073701,0.1367322664258732,-0.00021618490731604783,0.06117930408112468,-0.12552154200316945,0.04468554973803887,-0.03860301624130012,0.07135496526155868,0.03273680524262167,0.05114868669439153,-0.09778629573858534,-0.0462820366821487,-0.19652055581552602,0.00761324464767473,0.23409292280656901,"product,manager"
82,0.37748049028241615,0.029100909351465178,0.20467601567136723,0.07287589935141567,0.18531419285431858,0.018087900877340062,-0.045053829384041115,-0.06745184859656357,0.07214959536763642,0.018086170056176167,0.06341711244906864,-0.0417631606747677,-0.04894616305944121,0.025798176211011374,0.00802536739842594,-0.10739721819093195,0.05853239685566689,0.04422578640647843,-0.08181381122487091,0.0070449431090356335,"product,manager"
83,0.4688964076944018,0.10646129595638026,0.11735833516957961,0.08213808409838529,-0.016144907193188687,0.16376808221217054,0.09225851840988401,0.0992076628486353,0.037896348060457684,-0.047748920797433196,0.05496139777101065,-0.0380789070189227,0.025013695523947273,0.07587482754494138,-0.03759459524817409,-0.15089049373099578,-0.011611385756736228,0.04186574379545403,-0.12366605628938919,0.05993448315522324,"product,manager"
84,0.4046117206393193,0.14999750429945238,0.1476222930060886,-0.01354695606218489,0.03108864179128876,0.4056388623574839,0.1652307873464603,0.20528262210357556,0.23339764129779045,-0.2838638294588952,-0.09746378510114295,-0.13990557013208918,0.03253130528442073,0.05036501062720953,-0.10127036891781865,0.44934310736747574,-0.03242334431357022,0.18559477795538662,0.04231159525743338,-0.07891355530579625,"product,manager"
85,0.3119900287575069,0.13586496605509024,0.17972592639525306,-0.0015377182830020129,-0.0306833621133007,0.14219352131071286,0.017354935393052443,-0.0276713085323047,0.08838442644590407,-0.06037118441242341,0.0051877731052004045,-0.009056325403661199,0.0561230055798891,-0.004524679167113602,0.02759705343276348,-0.23424879827459175,0.029649055619844607,-0.027900994164810608,-0.03091904858163827,0.08834183865304593,"product,manager"
86,0.27251324663684245,0.15814533429333097,0.03462800398835375,-0.058269229004719994,-0.03915168924635479,0.17204406776771447,0.031408553142213365,-0.032600009081367995,0.09662322744730949,0.05682677668897178,0.06261968977584643,0.07085993048690463,-0.12137295133177382,0.1183578386788957,0.05882909570343594,0.014764130215801348,0.13804245675256946,-0.19452094097804726,0.19743196717035671,0.05667991655974795,"product,manager"
87,0.44649301589545765,0.1770023491988279,0.21791237895923307,-0.06716876240474595,-0.03187852784852462,0.3720763564303038,0.1436011290580782,0.1883233052653882,0.22500618079664533,-0.26430136226183343,-0.09810425539745248,-0.1332822979790151,0.0407939799359799,0.02008329250054395,-0.10870880124318472,0.4198217006962167,-0.03556218764480958,0.1917171031374962,0.036388441713709294,-0.09495151653583471,"product,manager"
88,0.27811773638416126,0.008625925461064736,0.09650076455464938,0.04220139357519211,-0.0276076715385156,0.11798056166673568,0.12145316730356306,0.024205828101837672,0.010732101107513744,-0.029344584000450903,-0.062464046433471136,0.023779186739295487,0.05088530055803745,-0.04259872013055129,-0.007905849839671065,0.014552934453108764,-0.07439173901280077,0.1444112937731964,0.08947039837294428,0.05313946489434572,"product,manager"
89,0.3300019873644013,0.12020597841838669,0.14987474873775117,0.008374457421312306,-0.029742615599935435,0.2740454759779717,0.0057736551107843365,0.016482543916850383,0.10000004490160742,5.884369657124714e-05,0.007138926718725557,0.05389812901286646,-0.08427647711660133,0.12243088128755163,0.05471961824967364,-0.13855687812987413,0.03899481471518444,-0.11463730112376572,-0.07298362204808022,-0.00012157089052542375,"product,manager"
90,0.4791307571877704,0.17221186793573667,0.12383203269034516,0.006615585765329352,0.004336243839321066,0.21109192019352654,0.02952208896197103,0.023218557041872104,0.02434390365286097,-0.10655974684946597,-0.09226780205258557,-0.06295161791646293,-0.00982930126168615,-0.10637248265568917,-0.06909536263214029,-0.13359012592860142,-0.19115695938182545,-0.10511642850944543,-0.019073888387267972,0.13442243691253247,"product,manager"
91,0.3134876830280603,0.1348132798426818,0.10531969305067958,0.0028761523340268412,-0.02040153146542353,0.26513389289969036,0.03367701449511708,0.011453598290197379,0.12320489989551614,-0.08807886060947928,0.03384848188459421,0.01926638759880448,-0.020432008230835408,-0.05246222748209286,-0.0737127550359106,-0.014272029354819011,0.09382619957860963,-0.024967305540772883,-0.04732836753717305,-0.09567365048254989,"product,manager"
92,0.420117595623812,0.03298360860651987,0.05017888195839116,0.04703449618961817,0.03333011205416241,0.07917639499223302,0.1018100177752128,0.03930380292300955,0.08155265491017319,-0.13065161464112598,0.052658626262727534,0.05063799117053278,0.05503677978198228,0.033574943075472465,-0.04959777167559121,-0.0741522010381084,0.013937272293892218,-0.0265360228285762,-0.19689140586429638,0.06619518561291103,"product,manager"
93,0.373599852415455,0.13810152736502498,0.08890755430007373,-0.01357782257838254,0.046596150278035084,0.19129057023067453,-0.01180885973249261,0.06303248571905168,0.08781600673694784,-0.009861971878092457,-0.028842748862135874,-0.048385132581509255,-0.05271847235243654,0.03078783103650918,-0.028041917062053362,-0.06624165389237067,0.04955325126344105,-0.05876771380333486,0.07048780331325571,-0.1618789032034174,"product,manager"
94,0.33616949419162867,0.10672289810677893,0.0731494375944149,0.0030821646734110314,0.07211083369785286,0.14242959390281604,0.03539716414865284,0.014159718459716633,0.0705350278638668,-0.1185037582899745,0.07731533562185346,-0.05931597470740363,0.010226206284608385,-0.1291911968600431,0.04590030490130482,-0.11367810760758848,0.034048079591371856,-0.03613576193166796,-0.05109639673898674,-0.08633751690621543,"product,manager"
95,0.26639601185842204,-0.10090958051061207,0.02483021148093719,0.08466034329507234,-0.05578130859854375,0.03427385756334033,-0.03974198616127459,-0.19743637283401813,0.003969852867993968,-0.05304267599447846,-0.07785475295366175,-0.003979222920031188,-0.026683672005270814,0.025152635795352082,0.02325578491278285,-0.0163515411273835,-0.15316905684402335,0.15919531475237703,0.2318442861361358,0.07556157168834109,"account,manager"
96,0.2527122152118354,-0.08318940117368308,0.047621696692633074,0.07622317806026038,-0.03116461505388795,0.00024811490986645086,0.015049530968431776,0.019652315090844988,-0.02804267651919139,-0.040181594136388346,0.01991573638828186,0.018344035661179158,0.09325530137603542,0.09371188868948414,0.13623434717131447,0.04382408945839993,-0.03767155535303179,-0.06930052105243269,0.06221635376671463,0.14538256897369164,"account,manager"
97,0.3926316677572271,-0.33406636904122033,-0.0801082910200586,0.29673850675130536,-0.21912738282909572,-0.029577399115582388,-0.03816397051493777,0.3920025262016233,-0.09502721730954211,0.1429254496202259,0.1506130837828429,-0.06542874530130495,-0.07217490795378877,-0.02965853048872228,-0.1213893494792425,-0.07937611078138371,5.2384351027037555e-05,0.023007820687831124,0.10370867477454793,-0.06869765517765258,"account,manager"
98,0.3140169858605151,-0.23417483165227845,-0.0059532929050152075,0.33487743157920385,-0.13264436567581805,-0.016854961272684977,-0.04089224914312435,-0.18885070539267285,0.01910748974122339,-0.04811558777811716,-0.14480266322704224,0.09732465582106864,0.09352466339628471,-0.007233129882066502,0.05468137482060693,0.0524443886823963,0.004291197078953961,-0.01697431367747769,0.10143587200163949,-0.01297399541850974,"account,manager"
99,0.46548988139146197,-0.24200595628499108,0.045225224711061815,0.37611670995306473,-0.1240395487524041,0.0427057527685296,0.04066371179921583,-0.1165247490339986,-0.04477783245575795,-0.06738587341971863,-0.14681703881106148,0.07308699830628812,0.08511105319280779,-0.005431388068423401,0.09185728007699721,-0.06047592547391383,-0.025726677603395524,-0.015388342031262513,0.05870978484519453,-0.039472786960361377,"account,manager"
100,0.2829283674978223,-0.16844697851462676,-0.007641716913144339,0.1494741616602961,-0.03333997841977119,0.0214121960620472,-0.009752242925939746,-0.040643659799583745,-0.06924483929704955,-0.01530049491398313,-0.07918401932041036,0.007654450614240304,-0.035931704279942744,0.04212810261804757,0.011037099659568107,-0.0639394184436939,-0.012281142709732774,0.09581827775224096,-0.09210588067845302,0.0387870090210632,"account,manager"
101,0.3400216631209219,-0.25765813079426203,-0.0555379776377745,0.2287704858060675,-0.14621186627915156,0.030375477530148725,-0.09870125750872444,-0.24175138969699903,0.03508857032254501,-0.05489970075969289,-0.1014527724857554,0.005802445155922261,-0.0043792670968848596,0.035570771913600883,0.033598635154575215,-0.000976816794972143,-0.04972939016031303,0.018490933151057345,0.1601739094744307,0.01944096468820498,"account,manager"
102,0.39336019283230833,-0.20302975837669168,0.012589680018323788,0.2875996601056397,-0.15814445499970717,0.024378169402822877,-0.007491554488664714,0.23605986920187355,-0.07775092219268598,0.10955397749188572,0.04922242377003058,-0.029026432946852337,0.0005523074992662452,-0.015453140605949022,-0.11542962604181929,-0.11372033229325007,0.023822408257213035,0.1097335836819766,0.15196983368913003,-0.01926879909997344,"account,manager"
103,0.3787892670804019,-0.26251936122709785,-0.0791552084392892,0.18013501165059012,-0.164022407176732,-0.13120292422097832,-0.07336194576191547,0.15057703875164535,-0.012034676956312012,-0.11434227047329085,0.12377649967494694,0.03524072185764821,-0.0038093268844860938,0.16587743657801216,-0.1341129305885842,0.046137237648732475,-0.0962539673415184,-0.11204757919702504,-0.01521754242484199,-0.05240637790569861,"account,manager"
104,0.36629699407004385,-0.2243105890601649,-0.024113035967105716,0.21110155011362988,-0.08509845948564067,0.03673468937153888,-0.08579650326605266,-0.06203791041175468,-0.0252766348030365,-0.07111570327166039,-0.009168082298085177,-0.005901241787196369,-0.11018347668693278,0.03509750203495911,0.01144614986040673,-0.06355212305874118,0.16138338774686517,0.16644754994596983,0.08974266004970141,-0.0040510197355815795,"account,manager"
105,0.2751611871372863,-0.019754893876865777,0.11111188249771652,0.06777118907278452,-0.09906494986144954,0.03875499106696442,0.167897789719003,-0.029671740436123608,-0.09304125738368957,0.10214943679332725,-0.09420980540109557,0.022413231417807142,0.013041023199973311,0.07473861715968647,0.15173380627814792,-0.019436516587697298,0.06920016905522389,-0.12473405773943609,0.4152521183572061,0.05987260604998365,"account,manager"
106,0.33767255643553956,-0.22758779739816526,-0.05705591618341853,0.10148331490842427,-0.0741257955267854,-0.17468162227578782,-0.06626675457893268,0.053823897974418805,0.04502244708238982,-0.12391496847553816,0.09108042717962703,0.026514544326010865,0.05788145846970724,0.23735629342208578,-0.07557805238121244,0.13709087275717674,-0.09725156251903941,-0.1971476651094386,-0.03980191789387811,0.002127004478123816,"account,manager"
107,0.3936208507640955,-0.27061297844528687,0.044147797345990954,0.48702673373429045,-0.19466807699464483,0.08450636587042898,-0.0429069604944358,-0.09544330553808261,-0.13033658374435997,0.15312106567159278,-0.1286909204202244,-0.01588662841087341,0.05006654858228199,-0.3519457401031532,0.20851974375315335,0.26294471355025806,0.05921560670968919,-0.07754096095033314,-0.25410608489404174,0.01439100802325007,"account,manager"
108,0.3936208507640955,-0.27061297844528687,0.044147797345990954,0.48702673373429045,-0.19466807699464483,0.08450636587042898,-0.0429069604944358,-0.09544330553808261,-0.13033658374435997,0.15312106567159278,-0.1286909204202244,-0.01588662841087341,0.05006654858228199,-0.3519457401031532,0.20851974375315335,0.26294471355025806,0.05921560670968919,-0.07754096095033314,-0.25410608489404174,0.01439100802325007,"account,manager"
109,0.35341015063926784,-0.1640557126780342,-0.029733552991697186,0.16211360878159367,-0.13468130172290735,0.011833534722649003,-0.11293348238812656,0.012195021665788218,0.002868741448768422,-0.10804741867344987,0.10790166462105495,0.04309572178919159,-0.035233910404785115,0.21274869901790164,-0.06488933420108511,0.038555997631477226,-0.04089868617080761,-0.287066665741638,-0.13487746559487215,0.022199124914039015,"account,manager"
110,0.4248233850145609,-0.21135292124440033,-0.05090613930073032,0.21028243284970158,-0.14206434425822176,0.004349384484946454,0.004558114934867731,0.3340218219481804,-0.015036434225287857,0.08506653278379346,0.26049870619011267,-0.0366875648556082,-0.07469073965711936,-0.0017344068290526626,-0.1603621420625874,-0.06527369032268604,-0.02926271348255029,-0.03974094180247785,0.06965046467100078,-0.07331782524527167,"account,manager"
111,0.3619603740624407,-0.14950277865737502,0.05140106200693634,0.16595630494964686,-0.046888975715813686,-0.06818987345983032,0.2064675379295535,-0.06628525038029039,-0.08229991056363115,-0.03322540535134306,-0.13821118824532438,-0.01647894415970876,0.03254052510324756,-0.0019205981853128822,0.07133827563308405,-0.03518474254961395,-0.003771257322857243,0.011685536548018337,0.11453769071135624,-0.02273800499665224,"account,manager"
112,0.39353325285020757,-0.23223428524726666,-0.08407514583808261,0.2459530711935128,-0.178934635696763,-0.04086937729718035,-0.1320330232165311,0.1571482816671317,-0.007222791239189125,-0.04232226384071483,0.23688478508335517,-0.12553976196574126,-0.19899888243500033,0.02950512364500052,-0.1456999252224796,-0.027035857334281807,0.07267933040176856,0.05071516633905558,0.03517344095435177,0.0009236703740615565,"account,manager"
113,0.3088270538742443,-0.013342669910476987,0.18020666376800026,0.2052515518219092,0.1234467389296281,0.03559029656948463,0.06264329469544574,0.00638939496972034,-0.08607182926576584,0.10763663505221954,-0.024852875044374664,-0.05653424515383338,0.029961103598212056,-0.08807795084870318,-0.024278955385866458,-0.0537087653239925,0.024873055704045976,0.19560429144332064,0.14771110941032317,0.1808400721564741,"account,manager"
114,0.3745059185486612,-0.11447238330834764,0.06456205550451705,0.33057678320175093,-0.07759733922934864,0.08476138208156127,0.09721959899629257,0.23098040662514752,-0.12460209856036207,0.18120231985187954,0.032263158464519416,-0.05653729574008245,0.018591216293928858,0.0316145892236091,-0.012918676093758802,-0.059389556040520465,-0.04670030724483355,0.09852234031284154,0.20422897060775372,0.09807695126445173,"account,manager"
115,0.31144548303025815,-0.04800784777228468,0.030891087391291237,0.17885110576880342,-0.08319082245417767,0.004002391309913911,0.12117237049843825,0.0024743982808329073,-0.02873214092456348,0.009998530051225871,-0.05326289263244561,-0.005526967808328598,0.05104069139852147,-0.1629394229648115,0.06036316165885167,-0.14984700454069855,-0.04728237685455996,0.13891471860220247,0.0900977183271615,-0.13604750540504915,"account,manager"
116,0.3669827048917841,-0.24185273018163725,-0.08801049146033835,0.1291355558893582,-0.09783926514159479,-0.09799956397420767,-0.11392956175430613,0.014939163476161697,0.003991361438705516,-0.09768210963360832,0.14163419516869624,-0.04511087403845662,-0.04605108805838063,0.1946219793075347,-0.09304980684264777,0.023702551795127376,-0.018626731381569107,-0.1421799846341055,-0.10814426119568737,-6.55816350323308e-05,"account,manager"
117,0.35419380456604804,-0.01373353674312922,0.26806087418669716,0.0002836724202640108,0.3781882170326548,-0.27188511052160386,-0.032841396524006604,0.00958055013940664,-0.09930815101465823,0.03781144490322845,-0.03980509868974612,0.00041297633484776205,-0.008469914778698665,-0.024261717969242133,-0.05366498706678776,0.05344779514475211,-0.02396992470108538,0.07104446020398775,0.018146535775811823,-0.004610886929294362,marketing
118,0.3601418280966442,0.057851250190800146,0.27529842260918147,-0.119307875333854,-0.026566544497726132,0.03713327947211192,-0.11545217772719477,-0.03482806910687125,0.04989694365252467,-0.005270666501353196,0.07782350402012571,-0.03055260876312239,-0.030246894830455173,-0.03526829540379713,0.00902762924305975,0.0481693613945322,0.05527526831006483,-0.015166724494711865,-0.05491160231344557,0.06404922571854396,marketing
119,0.3774915168559339,-0.1087386124224957,0.15846532600562463,0.1168604463871771,0.32842138826057315,-0.3055595603267281,-0.02327266517071878,0.026295995607299495,-0.03593961056058927,0.02401986429760202,0.0008444145595176216,0.015737673736483732,0.014748821636032503,0.06472589041933557,-0.01701779123131245,0.11572525995769711,-0.10511182675783652,0.020773863563170635,0.03252885064745497,-0.14989068680864354,marketing
120,0.3919867633293953,-0.08831002317796285,0.11347616760778681,0.025956981557131723,0.3011354159523691,-0.2862257177633271,0.028545844301230017,0.06939509334440248,-0.02333150359165708,-0.03806888171463487,-0.019168291671236102,0.019100056290182018,0.06346567023310964,0.021493710369923612,-0.08125839182797683,0.03720299939993276,-0.17910803092237254,0.02878556957212261,0.0684643571886227,-0.0827388100460188,marketing
121,0.2585291642715523,-0.03745684175288646,0.0011877928135850604,0.02362235723555071,0.022028452326084334,-0.08141763561573369,-0.23239307987479702,-0.17603302939582477,0.040833228833232794,-0.08365552346759977,0.1817539135860164,-0.17911928398109542,-0.20042097152257415,0.0024333092161938474,0.10048217655681758,0.1395831949053118,0.2671849654628262,0.20224441924718076,0.05998106836306193,0.07234280402488369,marketing
122,0.5184874722668967,-0.07189815403573109,0.10318313791685894,0.14048726783147317,0.22844165700205968,-0.14452836237335237,0.049090291006690046,-0.040833539796803334,-0.020552614346028713,-0.004211651433505916,-0.0018247301026426141,0.06683216928501308,-0.014299939041631774,0.0179107797931073,-0.02812487858389805,0.07999978634409127,0.020423773489097897,0.01055127364089497,0.03770421782215785,-0.0040524838979267,marketing
123,0.4376336602723757,-0.04107114636744341,0.19406886129690878,0.17282895656419672,0.37618890640578967,-0.1572335551636318,0.0034376764563800546,-0.05509016294307754,-0.03196051446983708,-0.010903154468576474,-0.04262290633989878,0.05258923800134656,0.0013708829894039068,0.03393568153529355,-0.027516672116209485,0.04592177460479494,-0.04339613309007377,-0.057472966762497815,-0.04427498623867698,-0.033923811949871124,marketing
124,0.36170850968557405,-0.07961099319651643,0.09980806364028012,0.08356596976569627,0.18260412114351107,-0.11425159694712199,-0.12051219032654366,-0.1259510686988792,0.037967042549744465,-0.03656275318991411,0.06491699652816679,-0.018654036087892893,-0.16685772213113176,0.0616268876389972,-0.0681025319668897,0.04045810719046258,0.21279406387378744,0.04450772182317117,-0.1145486094524215,0.07258462138830248,marketing
125,0.3613949723996737,0.0020799689636868397,0.25935768722703806,0.0174457199706844,0.3288705097765677,-0.1408632124214918,0.008157319714275232,0.03141707790609257,-0.029473809325399853,0.04997763936075839,-0.011405154084884477,0.02697181984547667,-0.059276589217304124,-0.0005335604040994168,0.03741019634170956,0.06958058725364867,-0.027689274337838615,-0.023144232992725534,0.11362544410322657,-0.08754340056223119,marketing
126,0.41411938820874405,0.02031848462419256,0.25909492088682917,0.1611258825415406,0.2919595539176039,0.07427794581102083,0.10305182684805404,-0.02233051615587363,-0.013803035456073151,0.09925368583320257,-0.005242242069157703,0.009030251908959452,-0.0022180009365925786,-0.07484958398246,-0.044831526120133657,-0.04412011494018129,0.03782999175609765,-0.000462300034946887,-0.04902437350551219,0.1902085935558964,marketing
127,0.4263653344217911,-0.08678549378161766,0.1908965085948703,0.019314555510479336,0.39221726939667473,-0.18653342428030106,0.035430447564195666,0.045344165081963365,-0.09560920831367352,-0.0019152585733960984,-0.012321310758853548,0.041001058903631114,-0.011261725652921677,-0.03148017530525715,-0.037811534501452165,-0.04389090120820128,-0.036566130834014846,-0.004123561528339357,-0.032213067476446276,-0.01526972393555858,marketing
128,0.35110568030578887,0.06607211730438854,0.1820711012451034,0.08487012409571923,0.23867571418855202,0.07819345683303325,0.0649367676294626,0.029271419771961953,0.036374217560469296,0.08056340240837394,0.06975459919273233,-0.025129538024442424,0.01482596890151033,0.05716399777666142,0.007971213474562385,-0.00998268793176916,-0.12385060476119022,-0.0469712480866489,0.06981195647100524,0.05970603546719606,marketing
129,0.44909824770191203,0.07380350662414141,0.32642773067284797,0.0841428631379203,0.3334772409737296,0.055173432985848515,0.003927036591876575,-0.048070118614038496,0.008192842245120787,0.15875613074458633,0.03779595889781712,-0.02881397745936549,-0.07029586594691543,0.005308070769955802,-0.07969922301035606,-0.0024796401325145605,0.13286757246623865,-0.0440498832940861,-0.12628024727940526,0.1662555807926648,marketing
130,0.30985375618571537,0.020755650581048113,0.21973210318830785,-0.12247208088988112,0.051854122002233556,-0.025235633816120644,-0.07050017218463533,7.629475061145575e-07,-0.06436127556869858,0.05344990457730889,-0.06430196648694418,0.038331624623076384,-0.03578904746851696,-0.015088204151968836,-0.03784068266870286,-0.01388261546542908,0.03674279356933152,-0.07136045641955452,0.09321154048516463,-0.19733777914132175,marketing
